{"score": 0.5719514741949298, "params": {"batch_size": 100, "lr": 1.0387724978409988e-05, "weight_decay": 5.094031096435885e-05, "n_epochs": 5, "eval_at": 50, "max_patience": 10}, "valid_loss": [0.5893940039693495, 0.4888820468562923, 0.44549430478109064, 0.4306723538735141, 0.4266480607529208, 0.4156445103557142, 0.4134330441282221, 0.41187174577419094, 0.40929776817968466, 0.408891588449478, 0.40900263129031805, 0.4084065881085724, 0.41697920940510225, 0.41799232710714196, 0.40678368866035397, 0.42527820659826865, 0.41660705453728974, 0.4120785738915614, 0.41834727807404243, 0.409557948475831, 0.4092606595934254, 0.41453015416452316, 0.4101587144071109, 0.45306604610730533, 0.49310072521640824], "train_loss": [0.588077187538147, 0.4865587651729584, 0.4769609272480011, 0.4271475374698639, 0.3281213939189911, 0.3852323591709137, 0.37980037927627563, 0.3501703143119812, 0.43219268321990967, 0.4427649974822998, 0.42204535007476807, 0.2959946095943451, 0.3410436511039734, 0.3177363872528076, 0.30644768476486206, 0.3558748662471771, 0.3754807710647583, 0.41867566108703613, 0.31861764192581177, 0.4431305229663849, 0.36517515778541565, 0.32276651263237, 0.2870664596557617, 0.3229564428329468, 0.3674582242965698], "f1_score": [0.5611124469401088, 0.5677601964506385, 0.5452526585288243, 0.5624477255017789, 0.5531173626037491, 0.5703799449009437, 0.5701781227572327, 0.5745275773822444, 0.5598871810999635, 0.5563396699216269, 0.5599172888961557, 0.5891901175044988, 0.5933995824562361, 0.5856241091881716, 0.5703246351586634, 0.5696416262486208, 0.5880907259575309, 0.5920495510305445, 0.5937677746357983, 0.5882700461230866, 0.592160962828218, 0.5759402232831472, 0.5770925614115309, 0.5876850898135196, 0.5808172675028237]}