{"score": 0.55608549288827, "params": {"batch_size": 100, "lr": 6.236758752051957e-05, "weight_decay": 3.269104370335482e-05, "n_epochs": 5, "eval_at": 50, "max_patience": 10}, "valid_loss": [0.5822803214804767, 0.4807228145942296, 0.4706756384813623, 0.4393279819864117, 0.48421996954369234, 0.4405553745080345, 0.4380060567023001, 0.42762967168468324, 0.4234865677275069, 0.4219661861249845, 0.44713967752783274, 0.42835033960538377, 0.4407118075106243, 0.4239117627682752, 0.42039374006937624, 0.4298617457077926, 0.43731896068951864, 0.4267495768527463, 0.43028264237593317, 0.4264705013738919, 0.43629863756160214, 0.42503450035232393, 0.4270031035762946, 0.4746840007296981, 0.4805033329414996], "train_loss": [0.6130791902542114, 0.4549821615219116, 0.6066105961799622, 0.41863125562667847, 0.3561095893383026, 0.3977198302745819, 0.330502450466156, 0.3926704525947571, 0.5158671140670776, 0.4896352291107178, 0.4234175682067871, 0.2947644889354706, 0.3420266807079315, 0.34264832735061646, 0.31315627694129944, 0.3111756443977356, 0.355307936668396, 0.46330946683883667, 0.3420882523059845, 0.42913272976875305, 0.3907153904438019, 0.35231155157089233, 0.3495279848575592, 0.3884132206439972, 0.3751497268676758], "f1_score": [0.49454285796374514, 0.553930528461933, 0.5205924557904674, 0.5610123170565251, 0.4956493567522259, 0.5690873218317553, 0.5632517631739787, 0.5649468414995767, 0.5465997000263163, 0.5520829411402144, 0.547535374352377, 0.5914650596167943, 0.5931146410230087, 0.5586478951042647, 0.5695738374982796, 0.5661547749418102, 0.5876910063910157, 0.581878202622884, 0.5715204377288692, 0.5838933678930752, 0.5783390241534743, 0.5650466044675815, 0.5552879288180236, 0.5755820445818445, 0.5793312512440222]}