{"score": 0.5707603511336733, "params": {"batch_size": 100, "lr": 9.954599340491823e-05, "weight_decay": 8.783698535529546e-05, "n_epochs": 5, "eval_at": 50, "max_patience": 10}, "valid_loss": [0.4400399898829527, 0.4366993250912182, 0.4442582009998087, 0.42326510442446347, 0.43729136700499543, 0.4210674609631709, 0.4395881097202431, 0.4121043326920025, 0.4127929851616899, 0.41260326541449927, 0.4884921363363528, 0.4169735332874402, 0.42297988354343263, 0.4162534971351493, 0.4117868358958258, 0.4165374512133531, 0.41336397071407277, 0.4231660923320954, 0.4343062620865157, 0.4198786228486938, 0.44621320436262096, 0.4234891556305427, 0.4231180544585397, 0.46513577805806533, 0.5239815759944595], "train_loss": [0.4658760130405426, 0.4725552201271057, 0.5098903179168701, 0.45012331008911133, 0.31364113092422485, 0.3720439374446869, 0.3456677496433258, 0.3933148980140686, 0.423544704914093, 0.4300541877746582, 0.41404208540916443, 0.3193414509296417, 0.3346764147281647, 0.3476443886756897, 0.3114578127861023, 0.325493723154068, 0.35487550497055054, 0.4140889048576355, 0.3294346034526825, 0.43366339802742004, 0.36943182349205017, 0.32195574045181274, 0.29421791434288025, 0.36188843846321106, 0.3261474668979645], "f1_score": [0.5572110038914093, 0.5755285890135049, 0.5337968729946714, 0.5701389992482042, 0.5352082393349034, 0.5765232817359166, 0.5643716544321138, 0.5736617939929437, 0.5624714150820692, 0.5527280215939435, 0.4994294396410254, 0.5964832295701927, 0.5982870253389831, 0.5783908322249374, 0.5858912378141327, 0.5632575119603171, 0.5865546671086797, 0.5610541366551023, 0.589153014021377, 0.5763300120422286, 0.5814352988788525, 0.5785359554503063, 0.5546233617279631, 0.5711867601087653, 0.5834225993858628]}