{"score": 0.5632803834396412, "params": {"batch_size": 100, "lr": 2.0886202553090928e-05, "weight_decay": 4.276428532746159e-05, "n_epochs": 5, "eval_at": 50, "max_patience": 10}, "valid_loss": [0.5225804390972608, 0.448494338825957, 0.4475948573791817, 0.431831253105647, 0.4416692644765931, 0.41119764888123317, 0.41760744338166217, 0.41129797247991184, 0.4097367404666665, 0.41003972945148015, 0.41107930222602734, 0.4195274447333323, 0.4268365926938512, 0.42643146931308584, 0.4103772578990621, 0.4394197124120309, 0.4138865279008265, 0.4220303993110785, 0.413685564104825], "train_loss": [0.5191661715507507, 0.4476473927497864, 0.5067405104637146, 0.43867841362953186, 0.3322325050830841, 0.38609975576400757, 0.3709711730480194, 0.3609166741371155, 0.45472919940948486, 0.44018447399139404, 0.41775837540626526, 0.26198703050613403, 0.3261052072048187, 0.3139358460903168, 0.28399860858917236, 0.34467455744743347, 0.37511804699897766, 0.44213536381721497, 0.3189740478992462], "f1_score": [0.5623006077661906, 0.5591342462456388, 0.5269180570971479, 0.5605966832539807, 0.5479754119703218, 0.5705934505756589, 0.5778023380122771, 0.5850046811855002, 0.555737350187073, 0.564126319468838, 0.5660606483890587, 0.5905293042529118, 0.5893890855655278, 0.5705141153645842, 0.5699774806630123, 0.5680589271734837, 0.5916871961257224, 0.5920845800883153, 0.5875070060360924]}