{"score": 0.5694045626885815, "params": {"batch_size": 100, "lr": 1.3717529044122046e-05, "weight_decay": 4.418230344129369e-05, "n_epochs": 5, "eval_at": 50, "max_patience": 10}, "valid_loss": [0.5733116211956496, 0.4755671710184175, 0.4418403934942532, 0.43105672136561524, 0.4295288183509488, 0.4152984323158658, 0.4131971426206093, 0.40920531994675935, 0.4070868138989357, 0.407786535890135, 0.412731592989948, 0.40688876868927293, 0.4149807269034321, 0.42403514866959546, 0.40802738101106795, 0.4242787266226667, 0.41616421978767576, 0.41484983877776416, 0.4150861899738441, 0.41028433803417885, 0.41206687852127905, 0.41682292051511294], "train_loss": [0.5826475024223328, 0.4771021902561188, 0.5181096196174622, 0.4491686224937439, 0.3415360748767853, 0.38782545924186707, 0.38417789340019226, 0.3662247061729431, 0.48241472244262695, 0.4500519633293152, 0.40658318996429443, 0.2719806134700775, 0.35149329900741577, 0.3172750174999237, 0.2967125475406647, 0.31675583124160767, 0.3478851616382599, 0.468925803899765, 0.3011188507080078, 0.41607847809791565, 0.3896261751651764, 0.2888551652431488], "f1_score": [0.5586761942465013, 0.5727871310425132, 0.5435843410557267, 0.5650452007986095, 0.5510279119831246, 0.5756240009445032, 0.5809481944123357, 0.5778653646168643, 0.5623075944715982, 0.5605930755399681, 0.5584407130332842, 0.5853130180541785, 0.5929397818160382, 0.5835927535001545, 0.569646558124725, 0.5731397156846033, 0.5831024073166389, 0.594975196335414, 0.5914050559066746, 0.5911596025506113, 0.5934436762169613, 0.5830768489674346]}