{"score": 0.5639102448747583, "params": {"batch_size": 100, "lr": 5.33453531251472e-05, "weight_decay": 9.668153110427382e-05, "n_epochs": 5, "eval_at": 50, "max_patience": 10}, "valid_loss": [0.4479392144369754, 0.43826262571223795, 0.4403213060473743, 0.4174174135678437, 0.43491343908930485, 0.4180714459451914, 0.43644881615900033, 0.40886575514323104, 0.40764971914356696, 0.4076358420799855, 0.4208423493251408, 0.42371008739079496, 0.44571463804538936, 0.4274611234256665, 0.4126355988930349, 0.4288657590338628, 0.4179670945422291, 0.4165324438108157, 0.4294972738174542, 0.4179393211252069], "train_loss": [0.4384947121143341, 0.42623192071914673, 0.5408700704574585, 0.4458816945552826, 0.32225266098976135, 0.38981863856315613, 0.3542226254940033, 0.3840067386627197, 0.48868468403816223, 0.42254385352134705, 0.4273233115673065, 0.27409839630126953, 0.30546480417251587, 0.32302775979042053, 0.2859843671321869, 0.30447301268577576, 0.3466152548789978, 0.4007907509803772, 0.293483704328537, 0.3752261698246002], "f1_score": [0.5758063838089983, 0.5744864869199386, 0.5256906486537357, 0.5702771287258358, 0.5477309333135003, 0.5904780379305145, 0.5737296132600472, 0.5717382506556706, 0.5633498432293329, 0.5566426407392713, 0.547836124692878, 0.5999891975358741, 0.5897340245851096, 0.5623773593608647, 0.5679090010793238, 0.559152128965887, 0.584686734292605, 0.5762879038102006, 0.592161734218467, 0.5804089379228959]}