{"score": 0.5817797854542732, "params": {"batch_size": 100, "lr": 7.604617166583847e-05, "weight_decay": 2.7710697973555828e-05, "n_epochs": 5, "eval_at": 50, "max_patience": 10}, "valid_loss": [0.4394398786842005, 0.4366800348236135, 0.44693378797949157, 0.42001048587772977, 0.46688379081961234, 0.4188272665216497, 0.4209993299964355, 0.42800651409038104, 0.4197028124169127, 0.41926726045673846, 0.42747954779291814, 0.43340149909666165, 0.4228427216206513, 0.4207167100824725, 0.41788245451776956, 0.4252066361169293, 0.4217433241540439, 0.4342851197882875, 0.4276788963438711, 0.41797165266455044, 0.4205755230090391, 0.41590736745155027, 0.4245857410643197, 0.4859393730963746, 0.4544956154406887, 0.4684545396737857, 0.5021769998416511, 0.5356682531841815, 0.4891192617073451, 0.4963979798637025, 0.5002714452678209, 0.4777564499272059], "train_loss": [0.468929648399353, 0.4678332507610321, 0.5053225159645081, 0.4608129560947418, 0.31012600660324097, 0.3768974244594574, 0.38071900606155396, 0.38051310181617737, 0.45648133754730225, 0.44420984387397766, 0.4496387839317322, 0.30644190311431885, 0.35524630546569824, 0.3333692252635956, 0.3232312500476837, 0.31069377064704895, 0.3358267545700073, 0.43444767594337463, 0.31423670053482056, 0.4312150478363037, 0.3983614146709442, 0.35514795780181885, 0.31886160373687744, 0.44730740785598755, 0.32700467109680176, 0.22212444245815277, 0.25716841220855713, 0.28113049268722534, 0.30356839299201965, 0.22443127632141113, 0.3183577060699463, 0.23115013539791107], "f1_score": [0.5568630285050774, 0.5629750469776049, 0.5078128804899245, 0.5725972131915289, 0.5306784002340003, 0.5717937291076742, 0.577352682817472, 0.5935357586569983, 0.5418084177048239, 0.562086907151627, 0.5411382854393089, 0.586284436999935, 0.5814672798326568, 0.5591005960555926, 0.5814511928043953, 0.5652412529269307, 0.5819428471261507, 0.5894946035456986, 0.5907255392776775, 0.5817262871216422, 0.585209652781487, 0.5821618764367821, 0.5507311643394703, 0.5741066275394124, 0.5833786283045599, 0.568226267213691, 0.5749064705347362, 0.5737102470577582, 0.58000085431419, 0.5779409302424078, 0.5670127041944087, 0.5643356371007555]}