{"score": 0.5601222180340387, "params": {"batch_size": 100, "lr": 5.3492784746477004e-05, "weight_decay": 2.4015697721888864e-05, "n_epochs": 5, "eval_at": 50, "max_patience": 10}, "valid_loss": [0.46336971549955136, 0.448343735239277, 0.4378553435002291, 0.4244790571193172, 0.4444123914797015, 0.4200693679182496, 0.42964662917672763, 0.4111500733519252, 0.41299340067660956, 0.40964348103902104, 0.41734249277474106, 0.4279749534309725, 0.4603950691549746, 0.44043003859585284, 0.41854714939039067, 0.44808961542910075, 0.42944812672595434, 0.42312725092450243, 0.4240428958445381, 0.4260027583127152], "train_loss": [0.48819950222969055, 0.4690975248813629, 0.5175879597663879, 0.4185241758823395, 0.3250192701816559, 0.39537304639816284, 0.35680094361305237, 0.38418540358543396, 0.5161607265472412, 0.4323425889015198, 0.4059489667415619, 0.32335925102233887, 0.3231446444988251, 0.3226524889469147, 0.2760363519191742, 0.30082154273986816, 0.3180156648159027, 0.40948641300201416, 0.29828542470932007, 0.42425474524497986], "f1_score": [0.5647558049388126, 0.5621876368579803, 0.5250259223457887, 0.5640888071223482, 0.5427683193797935, 0.5863241161385626, 0.5734980810586718, 0.5641604425155954, 0.5525075109445887, 0.5636987006419323, 0.5598322085730018, 0.5960913672022621, 0.5912164878355315, 0.5617543650816563, 0.5745625769438809, 0.5618873612113195, 0.5850965466401349, 0.5912095212364853, 0.5875597436950628, 0.5794238307296417]}