{"score": 0.5594488319740992, "params": {"batch_size": 100, "lr": 8.518125673461952e-05, "weight_decay": 5.8142948195442e-05, "n_epochs": 5, "eval_at": 50, "max_patience": 10}, "valid_loss": [0.46563772224400146, 0.4546484545077362, 0.4401997037946362, 0.44364447973362375, 0.45426487085753925, 0.4348403311347307, 0.4319746857636598, 0.4220899292459226, 0.4166391887893417, 0.4224049908249348, 0.4193497232786595, 0.44446275464884205, 0.43461426255637653, 0.42986453681775955, 0.42247301380928237, 0.4392298353861453, 0.4311569788276334, 0.423877795469271, 0.4280227781975104], "train_loss": [0.4482354521751404, 0.4475018382072449, 0.5130109786987305, 0.43407636880874634, 0.361125111579895, 0.3986501693725586, 0.3826915919780731, 0.38737231492996216, 0.4529160261154175, 0.4622103273868561, 0.40816038846969604, 0.3267004191875458, 0.3367749750614166, 0.36970052123069763, 0.3318721354007721, 0.3505038917064667, 0.34719157218933105, 0.4097690284252167, 0.31896349787712097], "f1_score": [0.5524375516257874, 0.5780118458891566, 0.527516155618511, 0.5549190997669141, 0.5310701329822409, 0.5912954776662668, 0.5753125538156456, 0.5618404256154413, 0.5546089674103752, 0.5585551437449782, 0.5618971028964812, 0.5938317125586611, 0.5868651803633939, 0.5457218040342202, 0.5712029209283934, 0.5545686481341924, 0.5796302265092118, 0.5788325736783957, 0.5775784376549393]}