{"score": 0.5662715154695728, "params": {"batch_size": 100, "lr": 3.901584021871924e-05, "weight_decay": 7.626030493645855e-05, "n_epochs": 5, "eval_at": 50, "max_patience": 10}, "valid_loss": [0.4390884176509022, 0.43534602367714637, 0.43221962329459496, 0.4150437124787945, 0.4277444132795072, 0.41204226384424186, 0.42133247035823485, 0.40388514918007246, 0.40364928400679834, 0.41044306305989814, 0.41038229571629864, 0.4183023119830104, 0.42494686192845643, 0.42334551598927744, 0.40593643180311567, 0.43949405838773664, 0.42058585951589544, 0.41880503398914865, 0.4201228837036109], "train_loss": [0.4322589933872223, 0.4675300419330597, 0.5093162655830383, 0.4331240952014923, 0.31677454710006714, 0.3843317925930023, 0.3505592942237854, 0.3691540062427521, 0.4471505880355835, 0.44201141595840454, 0.41909152269363403, 0.2830636203289032, 0.32979777455329895, 0.33180350065231323, 0.28700152039527893, 0.311125785112381, 0.373673677444458, 0.37502700090408325, 0.30999231338500977], "f1_score": [0.5572085684701188, 0.5663138600449039, 0.532309292930446, 0.5780106146041666, 0.542368148695933, 0.5879667505417787, 0.5779263609892697, 0.5692559082622396, 0.557488212030228, 0.5520308883222818, 0.5554629513253907, 0.5877453760333257, 0.5862216916802812, 0.5605858617449461, 0.5720704261162509, 0.5714756046255972, 0.5776421842101505, 0.5968376453200434, 0.5951787894719266]}