{"score": 0.5671914435548872, "params": {"batch_size": 100, "lr": 3.2714895339263015e-05, "weight_decay": 4.453777167115047e-05, "n_epochs": 5, "eval_at": 50, "max_patience": 10}, "valid_loss": [0.5292115170661719, 0.4655703275579295, 0.4474872630344679, 0.4277896085014081, 0.42930095897961973, 0.41837160268875034, 0.41684322263279994, 0.41107199616628154, 0.409669757909971, 0.4119913071802218, 0.4160498705220549, 0.41514576542867393, 0.42739651729799283, 0.42430429875034176, 0.41117146478532113, 0.43610356625628804, 0.4190457420398111, 0.4309414414918585, 0.42148250361827955], "train_loss": [0.5619263648986816, 0.4965595602989197, 0.5440043807029724, 0.44875919818878174, 0.321246474981308, 0.3939799666404724, 0.3745744228363037, 0.34059616923332214, 0.5021088719367981, 0.4468715786933899, 0.4142453074455261, 0.3037329614162445, 0.3195107579231262, 0.3255597949028015, 0.2971814274787903, 0.28853750228881836, 0.4090135395526886, 0.387459933757782, 0.3073413074016571], "f1_score": [0.5620286599413988, 0.5458419365833881, 0.5301737805751905, 0.5671906279374479, 0.5451320319959563, 0.5802112135985125, 0.577204978016958, 0.5701606473694111, 0.5616868262829847, 0.5533482054733253, 0.5520665006686566, 0.5856686036472452, 0.5958940739909265, 0.5638486916480001, 0.5697268570122654, 0.5687854371658743, 0.586753493506614, 0.6007318188474601, 0.5901127886282252]}