{"score": 0.5731377728181343, "params": {"batch_size": 100, "lr": 1.5322972347852463e-05, "weight_decay": 6.563759671817887e-05, "n_epochs": 5, "eval_at": 50, "max_patience": 10}, "valid_loss": [0.5184101633829613, 0.44878289879184907, 0.44050005180378454, 0.4229166424029494, 0.430724109280599, 0.4106405530482124, 0.4111614006839386, 0.407293099654864, 0.40577780792157964, 0.4082890465243221, 0.4071514804477562, 0.4061958261140404, 0.42179423938058824, 0.42375245302507336, 0.40648067660935927, 0.4249171929000172, 0.41756947583531695, 0.4167860909684063, 0.4183529296966447], "train_loss": [0.5337055325508118, 0.4603022336959839, 0.5137487053871155, 0.41654136776924133, 0.32406434416770935, 0.394178181886673, 0.37405237555503845, 0.3557518422603607, 0.46994850039482117, 0.4403828978538513, 0.4288889765739441, 0.2660333812236786, 0.34217920899391174, 0.29651379585266113, 0.2975313663482666, 0.32368195056915283, 0.36443546414375305, 0.433489590883255, 0.30115777254104614], "f1_score": [0.5559653905156541, 0.5589386771803034, 0.5305129647867326, 0.5614385574239574, 0.5456135013740357, 0.5874433513373543, 0.5698790484911775, 0.5808545146902946, 0.5570592911888474, 0.5535190527978009, 0.559151562721762, 0.5859940296983068, 0.5925760463084261, 0.5843021291984271, 0.5763599975672486, 0.5746319971672476, 0.5793230611167542, 0.5923525375658519, 0.5908581928847588]}