{"score": 0.5765865788408066, "params": {"batch_size": 100, "lr": 1.111764703992609e-05, "weight_decay": 4.695296965391679e-05, "n_epochs": 5, "eval_at": 50, "max_patience": 10}, "valid_loss": [0.5792420004328634, 0.47960425831683695, 0.44815176419199304, 0.4308562821721375, 0.433951431757783, 0.41864880674505905, 0.4179528122895386, 0.4160138668671049, 0.40987002665865935, 0.4083617658239523, 0.40997922318438984, 0.4095804695397205, 0.418788321418305, 0.41451743490075416, 0.4053908792668826, 0.4230469265212749, 0.41322281017695356, 0.4092620366240199, 0.4131359502877277, 0.4079010788708515, 0.40912133230738446, 0.4079620517688255, 0.4074581757391968, 0.45070629403607493, 0.4624346688593905], "train_loss": [0.5924866199493408, 0.4783188998699188, 0.4920279085636139, 0.4270571172237396, 0.34206026792526245, 0.39032742381095886, 0.38355553150177, 0.35791078209877014, 0.4312116801738739, 0.434323787689209, 0.4382174611091614, 0.2632715106010437, 0.33911779522895813, 0.3215479254722595, 0.289293497800827, 0.32828813791275024, 0.37843599915504456, 0.42382359504699707, 0.3324114680290222, 0.3973436653614044, 0.37440547347068787, 0.3353818655014038, 0.3018653392791748, 0.3266308307647705, 0.39919689297676086], "f1_score": [0.5506747632402264, 0.5596930299923845, 0.5405641802369733, 0.559008678753082, 0.5426548366269022, 0.5736349878245838, 0.5729452451206232, 0.5772362296303658, 0.561300915806261, 0.5631356496516972, 0.5653766944800337, 0.583248375621561, 0.5924595255557804, 0.5754175192280994, 0.5662645602675334, 0.5630799734020888, 0.583294717620497, 0.5926499413709118, 0.5945411985867648, 0.5859695078983698, 0.5906368843088413, 0.5710939622088657, 0.5775256683565166, 0.5855281840856761, 0.5799322987664237]}