{"score": 0.5568359050236337, "params": {"batch_size": 100, "lr": 6.794211943747079e-05, "weight_decay": 1.1233545537084127e-05, "n_epochs": 5, "eval_at": 50, "max_patience": 10}, "valid_loss": [0.4685378097099799, 0.43694706220332896, 0.4479531935633043, 0.41952212522291166, 0.446303619097357, 0.41850418913854304, 0.427229986207126, 0.4128585272047617, 0.41417270551805646, 0.4137998901001393, 0.4180830927336051, 0.4290573047856763, 0.4331283571377193, 0.440400248112744, 0.4179455116391183, 0.4281741125534659, 0.42339625730089936, 0.42645620544479323], "train_loss": [0.5149850249290466, 0.45721256732940674, 0.5046924948692322, 0.45629826188087463, 0.32029351592063904, 0.40344682335853577, 0.3514983654022217, 0.3812401592731476, 0.47399431467056274, 0.44783174991607666, 0.4396456778049469, 0.305876761674881, 0.3310758173465729, 0.323519766330719, 0.2716670334339142, 0.3245195150375366, 0.33771127462387085, 0.39542651176452637], "f1_score": [0.5639649027422683, 0.5601394890922393, 0.5244591501477647, 0.5834898128084942, 0.5464009426227989, 0.5916288180710515, 0.5886392368845744, 0.5735056686074768, 0.5440420160350732, 0.5529600304283511, 0.551214077497182, 0.5960753506993595, 0.5876795241277514, 0.5663303912502448, 0.5712893061237792, 0.5471421816985901, 0.5824747281531765, 0.574472818880865]}