{"score": 0.5709096886319657, "params": {"batch_size": 100, "lr": 5.876419750722706e-05, "weight_decay": 3.6751807864639925e-05, "n_epochs": 5, "eval_at": 50, "max_patience": 10}, "valid_loss": [0.5734555745778016, 0.49301142827288735, 0.44997759163379664, 0.45685487414059567, 0.4672246550860473, 0.4371698243569021, 0.44265363845106664, 0.42353035836187136, 0.4230935110213005, 0.4273854620652657, 0.4271887018255991, 0.4409052956185927, 0.435300982569995, 0.4346695005485456, 0.41657197036563537, 0.4378839320924186, 0.4288356391942666, 0.43206328868049454, 0.4220032032630216, 0.42681034970773424, 0.42121358072921045, 0.4218940302117233, 0.42287531944170403, 0.4646600444022925, 0.5342623778197864], "train_loss": [0.5886081457138062, 0.4387206733226776, 0.5091496706008911, 0.4634036123752594, 0.3577483892440796, 0.4287434220314026, 0.3600684404373169, 0.360075443983078, 0.525408923625946, 0.436225563287735, 0.4500766396522522, 0.30308786034584045, 0.3743898570537567, 0.3678656220436096, 0.2903648018836975, 0.3139389157295227, 0.3127497136592865, 0.4530629515647888, 0.3302163779735565, 0.4130367636680603, 0.4370260238647461, 0.34541308879852295, 0.3073073923587799, 0.37708330154418945, 0.3143051564693451], "f1_score": [0.5369105710558698, 0.5585016463309118, 0.5195132602159295, 0.551623699395624, 0.5373207134743259, 0.5794949680566788, 0.569679614615767, 0.5771172158930398, 0.5601104861252928, 0.5509994399465932, 0.5551911980321963, 0.5965244743513737, 0.5914750097140876, 0.5464208081160508, 0.5709291873117014, 0.5691474845556359, 0.5765565013232297, 0.5853225930708729, 0.5881417718243925, 0.5793155597089087, 0.5802996905699169, 0.5615001880142787, 0.5682944145104659, 0.5754240898236838, 0.5866760823824633]}