{"score": 0.5741423794055637, "params": {"batch_size": 100, "lr": 1.237739110731517e-05, "weight_decay": 7.849586423625736e-05, "n_epochs": 5, "eval_at": 50, "max_patience": 10}, "valid_loss": [0.5479897174933185, 0.45922373970077485, 0.4380455059956196, 0.42466899466841185, 0.42367863246839343, 0.4110341161897736, 0.41244452007829324, 0.4068179755178217, 0.4054074930409862, 0.40889693796634685, 0.4085192862030578, 0.40702874193044547, 0.41410273456410207, 0.4243983485519069, 0.40599200466316027, 0.4194633316707938, 0.41424347562332686, 0.4108840280199705, 0.41307620255097927], "train_loss": [0.5762424468994141, 0.5004152059555054, 0.5096771717071533, 0.4343871474266052, 0.33441606163978577, 0.36937272548675537, 0.377943754196167, 0.35006046295166016, 0.4205835461616516, 0.4289453625679016, 0.43476876616477966, 0.3001999855041504, 0.34782955050468445, 0.30965250730514526, 0.2937523424625397, 0.33411478996276855, 0.343053936958313, 0.43177205324172974, 0.3042435646057129], "f1_score": [0.5587068161327543, 0.5675024523922843, 0.5425309698059135, 0.5678754677511241, 0.5451869231789079, 0.5814510606331367, 0.5690639221096689, 0.5816891219926204, 0.5662767604401668, 0.5516518356457151, 0.5566281986563176, 0.5830352631946133, 0.5920421656680435, 0.5822074733776585, 0.574461255783904, 0.5684511859531269, 0.5780290530560768, 0.5900606605900477, 0.5934860334820944]}