{"score": 0.573147807661529, "params": {"batch_size": 100, "lr": 4.8534507694754706e-05, "weight_decay": 2.934068491566912e-05, "n_epochs": 5, "eval_at": 50, "max_patience": 10}, "valid_loss": [0.451455298760166, 0.4386127764639787, 0.4415338357833965, 0.4255007750367465, 0.4432377158983113, 0.41713437213473126, 0.42825973135967776, 0.4139148209192985, 0.413841778693134, 0.4150497454078231, 0.41465340309763615, 0.4365870546396465, 0.42142838709158453, 0.4267148406129993, 0.41089733557341845, 0.4360961471110174, 0.4222084555315644, 0.43420230382925845, 0.42036255051011895, 0.4128570349453245, 0.4193140503070126, 0.4117244680042135, 0.4184389771663978, 0.51519104307645, 0.4907730833104211], "train_loss": [0.45377159118652344, 0.4397144913673401, 0.5199797749519348, 0.4434646964073181, 0.3151569068431854, 0.39180895686149597, 0.36347484588623047, 0.3671109080314636, 0.46596747636795044, 0.43975698947906494, 0.4244799315929413, 0.2953469753265381, 0.34310096502304077, 0.32954204082489014, 0.29606685042381287, 0.28704530000686646, 0.3475074768066406, 0.4453469216823578, 0.2858745753765106, 0.4231143891811371, 0.3794524073600769, 0.3093899190425873, 0.2970271706581116, 0.3527846038341522, 0.3265596926212311], "f1_score": [0.5474966288837669, 0.5309293419122699, 0.5244806845710703, 0.5827600237441389, 0.5452642847005635, 0.5812969497621875, 0.5780641887694188, 0.5749193270729014, 0.558599988075152, 0.547571022216588, 0.5642437461304338, 0.5944812630545603, 0.5873960103482413, 0.566067773797741, 0.5634019982120761, 0.5753120667722126, 0.5782245650683366, 0.5891402207621157, 0.5930463920717366, 0.5867051269910109, 0.5844968238922015, 0.5693362977815001, 0.5682540107263279, 0.580800203632002, 0.5706805699083906]}