{"score": 0.5635757642929957, "params": {"batch_size": 100, "lr": 7.807167999715054e-05, "weight_decay": 5.1697601098145586e-05, "n_epochs": 5, "eval_at": 50, "max_patience": 10}, "valid_loss": [0.44834900473895134, 0.4528643523585307, 0.42273645797004444, 0.418167959745616, 0.44942274608024196, 0.41932433251648704, 0.4318052850765724, 0.4104209674956047, 0.4070914783706402, 0.4117202507714703, 0.41451056648607115, 0.42300514897255026, 0.4560342322881908, 0.42255040492913504, 0.41616080742176265, 0.42992420045480323, 0.42355463480296207, 0.42444232616522537, 0.43042239567188345], "train_loss": [0.4554113447666168, 0.3842434585094452, 0.5517584085464478, 0.4285677373409271, 0.3269747495651245, 0.39917072653770447, 0.33533409237861633, 0.3692878186702728, 0.45671242475509644, 0.43623700737953186, 0.4063417613506317, 0.29653605818748474, 0.3531978130340576, 0.3353953957557678, 0.29998597502708435, 0.2908431589603424, 0.3490031659603119, 0.48789650201797485, 0.30488523840904236], "f1_score": [0.5697070509195327, 0.5686056930316638, 0.5497583020223331, 0.5743697777594603, 0.5188098984630141, 0.5764502107280574, 0.5710962357586374, 0.5732890538973353, 0.565176291008518, 0.5522619479731338, 0.5484787327786017, 0.5948481011676463, 0.5850324610324753, 0.5598953684715378, 0.5597792109602118, 0.5718852691862685, 0.5796472822150145, 0.5721351469624533, 0.5844637594402655]}