{"score": 0.565681548763628, "params": {"batch_size": 100, "lr": 6.06376377540842e-05, "weight_decay": 1.9497102625214553e-05, "n_epochs": 5, "eval_at": 50, "max_patience": 10}, "valid_loss": [0.468627365688755, 0.4375014764397114, 0.44249997114481965, 0.419949883671656, 0.4363038049985282, 0.42499897618816335, 0.42101412623712475, 0.41130773294461936, 0.4092605175220802, 0.40922871129970023, 0.4187561724692171, 0.4262564545624879, 0.4322811561088039, 0.4397968541677684, 0.4196187771142343, 0.4443948280117283, 0.4334837539147023, 0.41560171626202047, 0.42619354512593527, 0.41882679805363693], "train_loss": [0.49531090259552, 0.49561354517936707, 0.5385787487030029, 0.46177518367767334, 0.31632187962532043, 0.3801860511302948, 0.36252883076667786, 0.35345208644866943, 0.5177339911460876, 0.41588902473449707, 0.4194524884223938, 0.2802293002605438, 0.323172003030777, 0.3262391686439514, 0.2852345407009125, 0.33289921283721924, 0.3858911395072937, 0.4043271839618683, 0.3117463290691376, 0.4041558802127838], "f1_score": [0.5463497377421757, 0.5444132912240618, 0.5167927539920153, 0.5811975022701371, 0.5518540068440244, 0.5887319239443296, 0.5764612441193565, 0.5754657918459749, 0.5599243998119278, 0.5616544546329812, 0.5452784283520427, 0.5949406618737194, 0.593081430008967, 0.5607973857693478, 0.5784076321614935, 0.545821517093541, 0.584906928343316, 0.5878236348906608, 0.5882637451772824, 0.5752515066159917]}