{"score": 0.557042088784856, "params": {"batch_size": 100, "lr": 7.135846197864649e-05, "weight_decay": 1.0060848231670272e-05, "n_epochs": 5, "eval_at": 50, "max_patience": 10}, "valid_loss": [0.4487355398396921, 0.43837914136174594, 0.4516936565098696, 0.42577471328924793, 0.4449693121730467, 0.42499084178715535, 0.4286220575848673, 0.4120535244272179, 0.41357257492738214, 0.4135581897954419, 0.4181933437716471, 0.4274130884098679, 0.4445180817417902, 0.4240816137562059, 0.41902622151864666, 0.4238831707059523, 0.42332541677233276, 0.4295963406154553], "train_loss": [0.4675295352935791, 0.44927456974983215, 0.5156880617141724, 0.4408456087112427, 0.31737950444221497, 0.391094446182251, 0.3497786223888397, 0.35197970271110535, 0.49825820326805115, 0.4278051555156708, 0.4317846894264221, 0.3350919485092163, 0.3336302936077118, 0.3271696865558624, 0.31450656056404114, 0.2910047471523285, 0.33842021226882935, 0.39123278856277466], "f1_score": [0.5615906946054877, 0.57661943260121, 0.5136999606269679, 0.5723795588702373, 0.5340909212827682, 0.5828709763615096, 0.572929373342697, 0.5724807087689231, 0.5546497603597705, 0.5439957972258742, 0.5491606752349909, 0.5892040094692409, 0.5898669166107704, 0.5512391112438619, 0.5842275688909505, 0.5682623761973971, 0.5881158895280263, 0.5775342898009574]}