{"score": 0.5682310593999139, "params": {"batch_size": 100, "lr": 2.4382413131643097e-05, "weight_decay": 7.47400755471826e-05, "n_epochs": 5, "eval_at": 50, "max_patience": 10}, "valid_loss": [0.4675833566548072, 0.43717206381771645, 0.425017649384394, 0.41550936539695693, 0.4316718192541435, 0.41030102253776707, 0.415540393901198, 0.4041922335347085, 0.4026389534342778, 0.4045367606290399, 0.41498983273767465, 0.4134381915608499, 0.42636448757289197, 0.4250505870743977, 0.40891675069315825, 0.4370518483935971, 0.41803608416286236, 0.4120404777461535, 0.4188750690385088], "train_loss": [0.47522732615470886, 0.4847084581851959, 0.49494674801826477, 0.42081987857818604, 0.3120843470096588, 0.36625438928604126, 0.3627614974975586, 0.3543236255645752, 0.4624927043914795, 0.4217013120651245, 0.41771200299263, 0.2815951108932495, 0.3146483302116394, 0.29702845215797424, 0.27792829275131226, 0.31067535281181335, 0.40809932351112366, 0.41909199953079224, 0.2690100073814392], "f1_score": [0.518831516986024, 0.5700937356442621, 0.544894675277684, 0.5664360257860735, 0.5399381516322699, 0.5841146236004893, 0.5769379704374157, 0.5782341530469998, 0.568091985909906, 0.5583670392428363, 0.5507298418103835, 0.596259122229602, 0.5959522315900619, 0.5706767827680667, 0.5690159004640906, 0.5675853102991028, 0.579461417786063, 0.5916375330049701, 0.5902198965418823]}