{"score": 0.567613026492944, "params": {"batch_size": 100, "lr": 4.6883334865150344e-05, "weight_decay": 5.9104221098469396e-05, "n_epochs": 5, "eval_at": 50, "max_patience": 10}, "valid_loss": [0.45122956086511495, 0.4276667539387533, 0.42905309000243863, 0.42319209526662965, 0.4428635243683647, 0.41518577320934985, 0.4192447586827082, 0.40717046677249763, 0.40760071596054187, 0.4077177211029887, 0.4209362742019027, 0.43086935998234027, 0.44072005254765084, 0.42540172171102825, 0.4084583004451778, 0.4319529049608804, 0.4180044482832087, 0.41313868271161414], "train_loss": [0.4759671986103058, 0.44725945591926575, 0.48356568813323975, 0.4431527256965637, 0.3237378001213074, 0.4018208682537079, 0.3551378548145294, 0.3557456433773041, 0.4688047468662262, 0.4431195557117462, 0.45383456349372864, 0.30857157707214355, 0.31547844409942627, 0.3145429790019989, 0.28899380564689636, 0.285481333732605, 0.3945485055446625, 0.3939863443374634], "f1_score": [0.55219282128223, 0.5721999714023442, 0.5387376606056138, 0.5767146883762049, 0.5379096916685364, 0.5865138877336294, 0.5794169953832888, 0.5799581753472757, 0.5631499807924439, 0.5597309233391125, 0.5489246138971148, 0.5970299665446153, 0.5912644977438941, 0.5637538124845451, 0.5633408137380261, 0.5651091459679278, 0.58050202384387, 0.5765413527619351]}