{"score": 0.5645130333494923, "params": {"batch_size": 100, "lr": 6.314100607595105e-05, "weight_decay": 2.0078190682146356e-05, "n_epochs": 5, "eval_at": 50, "max_patience": 10}, "valid_loss": [0.460687182129246, 0.4280734941975708, 0.4305212148656583, 0.4170276567544022, 0.44192058603240997, 0.4153701475221816, 0.4223436284555147, 0.40763842487988416, 0.414410941404839, 0.4102847151560327, 0.4142139131483966, 0.444629038135483, 0.42770680397340716, 0.45676108847742236, 0.4117054586132913, 0.45375514316232224, 0.42177290224457464, 0.42535701965632516], "train_loss": [0.5002685785293579, 0.46392345428466797, 0.5278147459030151, 0.42670366168022156, 0.3147349953651428, 0.3739134669303894, 0.36095547676086426, 0.3727841377258301, 0.4637334644794464, 0.4307817816734314, 0.41837263107299805, 0.3302789330482483, 0.2929856777191162, 0.38810980319976807, 0.2812729775905609, 0.38031312823295593, 0.3236008286476135, 0.40047162771224976], "f1_score": [0.5792416499493872, 0.5637006087050046, 0.5309062075533281, 0.5753777698703008, 0.5465553392694424, 0.5846827677259709, 0.5753844584504217, 0.5715122259642977, 0.5415114661398001, 0.5622997955508428, 0.5516163190341977, 0.5924959623650325, 0.5895774954394122, 0.5551059752294464, 0.5597270785333363, 0.5570256142583611, 0.5799198048572018, 0.581628034171993]}