{"score": 0.561671074394766, "params": {"batch_size": 100, "lr": 5.351388157267875e-05, "weight_decay": 2.4380103960029177e-05, "n_epochs": 5, "eval_at": 50, "max_patience": 10}, "valid_loss": [0.4664061798216546, 0.42892002630723663, 0.4329380499173516, 0.42252452304101973, 0.4420431395099588, 0.4208826645188138, 0.42026693751550703, 0.4124931621633164, 0.4080946945572553, 0.4151752250243539, 0.41278141634921506, 0.4316973167739503, 0.44101733418360184, 0.4294764803696986, 0.4174285884181115, 0.42827896120613557, 0.4295367741421478, 0.42025162994045107, 0.4266165082585323], "train_loss": [0.5317003726959229, 0.44109609723091125, 0.516356885433197, 0.4478674530982971, 0.3253996670246124, 0.3887261748313904, 0.3516983985900879, 0.37338361144065857, 0.4644627273082733, 0.45098876953125, 0.44279953837394714, 0.3083401322364807, 0.2996605634689331, 0.40963634848594666, 0.30862319469451904, 0.28715866804122925, 0.3397679924964905, 0.3996642529964447, 0.3046436011791229], "f1_score": [0.5745904864105458, 0.5667014581291638, 0.5280871675030829, 0.5761861219389799, 0.5394340776009107, 0.587435025262506, 0.5819898015015744, 0.5670272681402835, 0.5629336999295508, 0.5530429545738927, 0.5550522551144641, 0.5945647435441408, 0.5878189924645099, 0.563060867255681, 0.5856440893999517, 0.5677134168066386, 0.5840698211160426, 0.581433884289167, 0.5869215439035471]}