{"score": 0.5634433064422653, "params": {"batch_size": 100, "lr": 3.834493497935777e-05, "weight_decay": 4.7167288228606134e-05, "n_epochs": 5, "eval_at": 50, "max_patience": 10}, "valid_loss": [0.4939161294127165, 0.4456695075312708, 0.4434336826001126, 0.4284710408481833, 0.43653971916192214, 0.42390908096751106, 0.42528251282972845, 0.4118647252860135, 0.4089139710142188, 0.41262419195207845, 0.41585433870962213, 0.42937748705687606, 0.43517871241863454, 0.44214735353646206, 0.4188278105160961, 0.4546014650227272, 0.4402436275188237, 0.42298335918824964, 0.42464438264500626], "train_loss": [0.5232985019683838, 0.445146769285202, 0.5032896399497986, 0.45158782601356506, 0.3164898753166199, 0.37983790040016174, 0.3739809989929199, 0.3586820662021637, 0.4571015536785126, 0.45735666155815125, 0.4527633786201477, 0.33253079652786255, 0.3089947998523712, 0.319692462682724, 0.28877413272857666, 0.32326042652130127, 0.36325332522392273, 0.42054009437561035, 0.2977469861507416], "f1_score": [0.5570633972752584, 0.55347719962058, 0.5365071321186956, 0.5896808552007151, 0.5492369797948287, 0.590634319676112, 0.5746341580397465, 0.5720133260913094, 0.5618172085856739, 0.5564993846498125, 0.55211614745937, 0.5985022138242851, 0.5864395244072559, 0.5736636727640072, 0.5665427970967885, 0.5691566481573941, 0.5861072799522583, 0.5891767689218259, 0.5893650154953134]}