{"score": 0.5628823753633455, "params": {"batch_size": 100, "lr": 6.929020540803627e-05, "weight_decay": 4.2798941089613795e-05, "n_epochs": 5, "eval_at": 50, "max_patience": 10}, "valid_loss": [0.443123517379369, 0.43524190109886524, 0.4483824321260193, 0.42186647490279294, 0.44316130121276787, 0.4209133137578834, 0.41960272356255424, 0.4096561992821629, 0.40951194644790806, 0.4096844890346267, 0.41441677388263054, 0.4268811657412411, 0.4324062264537157, 0.4166870188631425, 0.4153393686634222, 0.42372182185110974, 0.41498044684325175, 0.4154862147079758, 0.4315340880253545], "train_loss": [0.4382133185863495, 0.44772741198539734, 0.5101485848426819, 0.41990214586257935, 0.3079647123813629, 0.3847944736480713, 0.36167511343955994, 0.3735240399837494, 0.4721001386642456, 0.4566306471824646, 0.42458465695381165, 0.31619489192962646, 0.3161143362522125, 0.3263954222202301, 0.29287299513816833, 0.31232503056526184, 0.33062899112701416, 0.4028739035129547, 0.2947392463684082], "f1_score": [0.5577425446412335, 0.5602690858179574, 0.519717983391187, 0.5751195864318168, 0.5498499788650096, 0.5883792979668265, 0.5860819749227943, 0.5729464441537857, 0.5547098835853681, 0.560990798350883, 0.5490676942345216, 0.6007954048579682, 0.590703399214026, 0.5721060994961492, 0.565456947235212, 0.5577420096283091, 0.5750799077014402, 0.580139962573574, 0.5816365976447927]}