{"score": 0.5775945294801503, "params": {"batch_size": 100, "lr": 1.7090650793969537e-05, "weight_decay": 8.571236841730302e-05, "n_epochs": 5, "eval_at": 50, "max_patience": 10}, "valid_loss": [0.5154116198624648, 0.4466379980926642, 0.44376917203811767, 0.4198170373701068, 0.4265681294953988, 0.41186807723077995, 0.4113856556072627, 0.4068888293145454, 0.4020445363162315, 0.4079586424647945, 0.411443702774505, 0.40547025734431125, 0.4179967856162214, 0.41440071532987566, 0.4053327900497881, 0.4325932174512785, 0.42216308027097615, 0.41838761470089225, 0.42102373054582787], "train_loss": [0.5387662053108215, 0.472642719745636, 0.5144820213317871, 0.4177795350551605, 0.32276397943496704, 0.38470935821533203, 0.36543649435043335, 0.35092735290527344, 0.45250779390335083, 0.43776634335517883, 0.42738476395606995, 0.2798303961753845, 0.3144238293170929, 0.3172575533390045, 0.2730419337749481, 0.31475549936294556, 0.3493275046348572, 0.4525223970413208, 0.3010501563549042], "f1_score": [0.5656545670473413, 0.5572611778362155, 0.519208572906991, 0.566366713136843, 0.5464670460109841, 0.587090799661532, 0.5761359209475451, 0.5758457659450292, 0.5708665651817841, 0.5554228769998029, 0.5521991124300109, 0.5858210056816063, 0.599136133716531, 0.568413717085368, 0.5760960175770603, 0.5745859658473156, 0.5799349064696326, 0.5887268694908652, 0.5884357162126124]}