{"score": 0.5681025932912956, "params": {"batch_size": 100, "lr": 2.7121856451721588e-05, "weight_decay": 3.0433814318766245e-05, "n_epochs": 5, "eval_at": 50, "max_patience": 10}, "valid_loss": [0.44738416577855183, 0.43372423130355453, 0.4253687956561782, 0.4158538845303942, 0.4244760436146228, 0.4091274628084, 0.4126522365498217, 0.4034760951587596, 0.40308527505561076, 0.40458728168925173, 0.41527056632793113, 0.41557672619819636, 0.42693051226335055, 0.43409285255490904, 0.4109622480934613, 0.4446268340904418, 0.41836338296328496, 0.4257492278128454, 0.425913830938405], "train_loss": [0.4506705105304718, 0.45278200507164, 0.5285947918891907, 0.42297977209091187, 0.3196136951446533, 0.3769654929637909, 0.3433643877506256, 0.3569987416267395, 0.4640361964702606, 0.43260952830314636, 0.40715086460113525, 0.2849569022655487, 0.30013254284858704, 0.2794819176197052, 0.26500052213668823, 0.31541475653648376, 0.3987361490726471, 0.38640961050987244, 0.2629965543746948], "f1_score": [0.5590651541540068, 0.5700691643438928, 0.5358836177277241, 0.5650638072458035, 0.5431460958637602, 0.5882466941663664, 0.5771069728756605, 0.5754230263298502, 0.5647495229766791, 0.5641352305673574, 0.5533415446542717, 0.5919321434546821, 0.5941338355410589, 0.5696296050940475, 0.5760476235045147, 0.5696754110594319, 0.5829830373803229, 0.5896585088682503, 0.5900728233056525]}