{"score": 0.5701949083369616, "params": {"batch_size": 100, "lr": 1.9045085603187954e-05, "weight_decay": 3.6856914757340975e-05, "n_epochs": 5, "eval_at": 50, "max_patience": 10}, "valid_loss": [0.5477797672764895, 0.460219073173118, 0.4481087298425908, 0.4280766840666941, 0.42952673892452276, 0.4176807340285548, 0.4149199769104994, 0.40922388373172447, 0.4066413526665676, 0.412107250257714, 0.4105365231429063, 0.41490543582668044, 0.42068004179490776, 0.43302412106566235, 0.4100001377806272, 0.43683683678303653, 0.42247968973362293, 0.4190053807137764, 0.42114226540474037], "train_loss": [0.5748231410980225, 0.44553902745246887, 0.4906770586967468, 0.4276677668094635, 0.3353743553161621, 0.4105936884880066, 0.3874327540397644, 0.34559166431427, 0.45521414279937744, 0.4541212320327759, 0.42176833748817444, 0.28706198930740356, 0.2958458960056305, 0.30639779567718506, 0.27491495013237, 0.33724668622016907, 0.3514421582221985, 0.4630553424358368, 0.3226872384548187], "f1_score": [0.5677506697096236, 0.5648524872448349, 0.5373006675341362, 0.5686041800534886, 0.5355468143339026, 0.584884506382354, 0.5781470294276329, 0.5722225112457798, 0.5647664952972165, 0.5525642270094729, 0.5618320762702864, 0.5925218852823725, 0.5884885885944106, 0.582925060024, 0.5735957184678889, 0.5695812181658944, 0.5802663862705233, 0.596237288048006, 0.5921329116984587]}