{"score": 0.5751204716900711, "params": {"batch_size": 100, "lr": 6.34355675168451e-05, "weight_decay": 3.612822154266402e-05, "n_epochs": 5, "eval_at": 50, "max_patience": 10}, "valid_loss": [0.6069587722216565, 0.4895089374829645, 0.48949162233365723, 0.4587850248160426, 0.4697342006719276, 0.4454749031630281, 0.4550165734062456, 0.4337546802955129, 0.4329439126057166, 0.43419122471384813, 0.4254836991225203, 0.42915452771807355, 0.4332620319846557, 0.43333592092337675, 0.42114519970874265, 0.4299861115135558, 0.4359693390457597, 0.42748857626359776, 0.4268379515572774, 0.4261925447068802, 0.4234505761159609, 0.4254908118754217, 0.424446608105751, 0.4819373278176948, 0.4478672699977274], "train_loss": [0.6355910301208496, 0.5147842168807983, 0.5818871855735779, 0.4690611660480499, 0.37104687094688416, 0.43997153639793396, 0.35411524772644043, 0.4046318829059601, 0.49810802936553955, 0.44626396894454956, 0.43845051527023315, 0.2966327667236328, 0.3874010443687439, 0.3611728250980377, 0.345954954624176, 0.3155076801776886, 0.37820613384246826, 0.4749358296394348, 0.35675671696662903, 0.48212143778800964, 0.4222659170627594, 0.3647858202457428, 0.36868542432785034, 0.4273636043071747, 0.3601159453392029], "f1_score": [0.46989705270692106, 0.5260395075972767, 0.5307654611868404, 0.5675446638097505, 0.5488691180944442, 0.5847796103725696, 0.5582808472522317, 0.5697770116672123, 0.5486000081243582, 0.5360743783108177, 0.553179377154128, 0.5834693656596416, 0.5911160915681761, 0.5778955227299913, 0.5749993523302143, 0.5564926499373294, 0.5509532102166794, 0.5804869634647893, 0.5815841620915556, 0.59186242030908, 0.5871664052956722, 0.5554750122844355, 0.5631956574443269, 0.5728863796142684, 0.5913715291104903]}