{"score": 0.5609421080582218, "params": {"batch_size": 100, "lr": 1.0334767258697494e-05, "weight_decay": 5.146006523011772e-05, "n_epochs": 5, "eval_at": 50, "max_patience": 10}, "valid_loss": [0.6065908482629961, 0.5029869691966331, 0.45507275507058165, 0.4374875020082681, 0.43534201832666763, 0.421432110340628, 0.42037394989843246, 0.41325365945900944, 0.4088896259869616, 0.41145474208544364, 0.4093180437610573, 0.40934529328999464, 0.414376318658868, 0.4273730828745722, 0.4090191458594309, 0.42715807932696936, 0.4199379941780272, 0.4218092809801231, 0.41583007369955927], "train_loss": [0.617339015007019, 0.5056313872337341, 0.5388123989105225, 0.4423670172691345, 0.3364981412887573, 0.4110642373561859, 0.3852249085903168, 0.3463801443576813, 0.4204461872577667, 0.457227885723114, 0.42479923367500305, 0.2997531592845917, 0.34317752718925476, 0.3114662766456604, 0.29204878211021423, 0.33332309126853943, 0.3458379805088043, 0.4684664309024811, 0.32090306282043457], "f1_score": [0.5535768874704023, 0.5710406915782248, 0.537750716282897, 0.565716048830176, 0.5401432887740332, 0.5719390629905546, 0.5591658094566165, 0.5738550708310244, 0.5589146331360896, 0.5541999429872592, 0.5583267781424194, 0.5837696436537455, 0.588000923803408, 0.5815934955257261, 0.5655849128961563, 0.5640926934676627, 0.5816026785194054, 0.5972614787416912, 0.5920070695550477]}