{"score": 0.5708974559013158, "params": {"batch_size": 100, "lr": 3.146359531035964e-05, "weight_decay": 2.9691252140199105e-05, "n_epochs": 5, "eval_at": 50, "max_patience": 10}, "valid_loss": [0.4514863770710278, 0.4436721273072778, 0.42745607519802964, 0.4233040952519194, 0.43155910340074, 0.4146017070910702, 0.4139844032183085, 0.4077398874988293, 0.4050468377871055, 0.4068926585047212, 0.4140417926932034, 0.41753834077756696, 0.4351514100211938, 0.4279040047158935, 0.4104402893005986, 0.43250157081917545, 0.43390561517787324, 0.4258015835530138, 0.4155270873683772], "train_loss": [0.4935401678085327, 0.4677535593509674, 0.5208913087844849, 0.4252573251724243, 0.29950231313705444, 0.3756173253059387, 0.35984909534454346, 0.3684993088245392, 0.443257212638855, 0.43632712960243225, 0.4120844602584839, 0.26346588134765625, 0.28822624683380127, 0.3214522898197174, 0.2732052206993103, 0.31514403223991394, 0.3725507855415344, 0.4294205605983734, 0.2612750828266144], "f1_score": [0.5624753951209867, 0.5727427840641099, 0.535391900433253, 0.5560779906299019, 0.5439655599120545, 0.5885047308386187, 0.5770091516514345, 0.5853917039420505, 0.5681435249439657, 0.559157138817931, 0.553461844790472, 0.5900146430485869, 0.5949513112028985, 0.564981243177636, 0.5741593795892311, 0.5703054441981119, 0.5842180182672525, 0.5900342607334867, 0.5896820993456124]}