{"score": 0.5606424476458058, "params": {"batch_size": 100, "lr": 7.818673574664213e-05, "weight_decay": 3.785179060755204e-05, "n_epochs": 5, "eval_at": 50, "max_patience": 10}, "valid_loss": [0.45678366414488175, 0.4409536237586035, 0.4281230234119989, 0.4204153249116793, 0.44013336433531486, 0.4481967281397077, 0.4336106250547381, 0.4141629223954186, 0.4134113774315955, 0.41243094593694773, 0.42304851339287947, 0.42988399140638867, 0.4249256032786955, 0.4255754408771045, 0.41367069815527896, 0.42723139079466277, 0.41836339541494033, 0.4254023577660729, 0.4277726295467926, 0.41831355715451174], "train_loss": [0.49848487973213196, 0.4679297208786011, 0.5171552896499634, 0.46507376432418823, 0.3239619731903076, 0.4110049307346344, 0.3873433470726013, 0.3792054355144501, 0.5139559507369995, 0.42354825139045715, 0.477678507566452, 0.32613858580589294, 0.33431634306907654, 0.376261830329895, 0.31380972266197205, 0.33086463809013367, 0.33802181482315063, 0.4072059094905853, 0.3125249445438385, 0.4370473325252533], "f1_score": [0.5626355123846498, 0.5373507897331293, 0.5391958943785055, 0.5753745653041421, 0.5422422012237654, 0.5763713743996948, 0.5670072224042186, 0.5621912381420395, 0.5512103279159495, 0.5650046635163973, 0.5570229483793862, 0.5918201775583503, 0.5952687716647372, 0.55743974692201, 0.5657123515050708, 0.565083939531078, 0.585858621213534, 0.583429688664332, 0.5836570818130283, 0.5736199509199351]}