{"score": 0.5614312118659281, "params": {"batch_size": 100, "lr": 4.2335568792253105e-05, "weight_decay": 6.685943070190467e-05, "n_epochs": 5, "eval_at": 50, "max_patience": 10}, "valid_loss": [0.47985854193772326, 0.447181764122558, 0.4450590045076527, 0.42388663777749835, 0.43065856713546463, 0.4196426815366093, 0.42090853946666185, 0.4140166489228811, 0.41023076070498116, 0.4118779952803702, 0.41624746257311696, 0.4215409511776819, 0.43274409313724477, 0.43904127690890066, 0.41354013305820814, 0.4350671764105964, 0.4243925393444217, 0.4169632672038798, 0.42955958169617064], "train_loss": [0.5434242486953735, 0.4299154579639435, 0.5000611543655396, 0.42560696601867676, 0.31259918212890625, 0.39815542101860046, 0.3713432252407074, 0.3813897669315338, 0.48582711815834045, 0.4227519631385803, 0.41363370418548584, 0.30659180879592896, 0.30840495228767395, 0.3193817734718323, 0.28968414664268494, 0.27354830503463745, 0.3574833571910858, 0.43850502371788025, 0.32677996158599854], "f1_score": [0.5690333671765785, 0.5624679519909701, 0.5291261113669778, 0.5607555477994762, 0.5428384275060809, 0.5854722786031356, 0.5772037387710726, 0.5728244314046756, 0.5624361307653659, 0.557653875587738, 0.5554055671577587, 0.5941647591247948, 0.5926178530470966, 0.57301896341043, 0.5642036292446803, 0.5700977638567962, 0.573714175861176, 0.589617814103218, 0.5861838602856412]}