{"score": 0.562507368386064, "params": {"batch_size": 100, "lr": 2.644980688591219e-05, "weight_decay": 3.4588704311267926e-05, "n_epochs": 5, "eval_at": 50, "max_patience": 10}, "valid_loss": [0.5120042050129748, 0.46216209110331863, 0.42809462424826944, 0.42073329344187715, 0.42960294264636617, 0.41648428325783726, 0.42114192778117054, 0.4101391391803141, 0.4059756616615269, 0.40835877722256814, 0.4112669064165795, 0.42296375415913046, 0.435627685221907, 0.43215830215852524, 0.4071535343584949, 0.4460147711103911, 0.4269403996941164, 0.4161160309633163, 0.4204506304574339], "train_loss": [0.5275976061820984, 0.45291319489479065, 0.506901741027832, 0.40795764327049255, 0.328710675239563, 0.39916640520095825, 0.35389596223831177, 0.351322740316391, 0.4929223358631134, 0.4339786171913147, 0.43883687257766724, 0.26801609992980957, 0.3149178922176361, 0.3092300295829773, 0.2828507125377655, 0.3352523446083069, 0.39150673151016235, 0.44122809171676636, 0.2840569019317627], "f1_score": [0.5514226929373939, 0.5730293438042678, 0.5503693700653228, 0.5707573061936525, 0.5525838559212748, 0.5874862595372005, 0.5713529654153408, 0.5774362352612902, 0.5542186711953111, 0.5577527972525115, 0.5539431161668202, 0.5977275172529153, 0.5885386695600535, 0.5801486034099369, 0.5755506367103694, 0.5744578489293792, 0.5832024929049896, 0.5887672962391214, 0.5882267237526098]}